"Pays","Capitale administrative","Funfact 1","Funfact 2","Funfact 3"
"Émirats arabes unis","Abou Dabi","Abou Dabi possède la plus grande mosquée des Émirats, la Sheikh Zayed Mosque, pouvant accueillir plus de 40 000 fidèles","les Émirats arabes unis abritent le plus haut bâtiment au monde, le Burj Khalifa à Dubaï, culminant à 828 mètres","la police d’Abou Dabi utilise des voitures de luxe comme la Lamborghini et la Ferrari pour patrouiller dans la ville."
"Nigeria","Abuja","Le Nigeria est le pays le plus peuplé d'Afrique avec plus de 220 millions d'habitants","Abuja, la capitale, a été construite dans les années 1980 pour remplacer Lagos comme centre administratif","le Nigeria est le plus grand producteur de films en Afrique, surnommé ""Nollywood""."
"Ghana","Accra","Accra possède un marché aux vêtements nommé Makola, célèbre pour son ambiance vibrante et ses tissus colorés","Le Ghana est le premier pays d’Afrique subsaharienne à avoir obtenu son indépendance en 1957","Le lac Volta au Ghana est l’un des plus grands lacs artificiels du monde, couvrant environ 8 500 km²."
"Turkménistan","Achgabat","Achgabat détient le record du monde Guinness pour la plus grande concentration de bâtiments en marbre blanc","le Turkménistan possède le ""Puits de l’Enfer"", un cratère de gaz naturel en flammes depuis plus de 50 ans","la capitale est construite selon un plan urbanistique strictement symétrique et utilise du marbre pour plus de 90% de ses façades."
"Éthiopie","Addis-Abeba","L'Éthiopie est le seul pays africain à n'avoir jamais été colonisé","Addis-Abeba signifie ""fleur nouvelle"" en amharique","l'Éthiopie suit un calendrier unique, qui est environ 7 ans et 3 mois en retard par rapport au calendrier grégorien."
"Yémen","Sanaa","Sanaa est l'une des plus anciennes villes habitées en continu au monde, avec plus de 2 500 ans d'histoire","les maisons traditionnelles yéménites de Sanaa sont construites en briques de terre crue et peuvent atteindre jusqu'à sept étages","le Yémen est le berceau du mystérieux encens, très prisé dans l'Antiquité, notamment par les civilisations égyptienne et romaine."
"Algérie","Alger","Alger est surnommée ""Alger la Blanche"" en raison de ses bâtiments blancs qui brillent au soleil","l’Algérie possède le plus grand désert chaud du monde, le Sahara","la Casbah d’Alger est un site classé au patrimoine mondial de l’UNESCO, célèbre pour son architecture ottomane unique."
"Niue","Alofi","Niue est l'une des plus grandes îles coralliennes au monde entièrement entourée par une falaise","Alofi, la capitale, subit souvent des cyclones qui ont poussé la population à vivre davantage à l'intérieur de l'île","Niue est connue pour son réseau Internet très rapide grâce à une connexion par satellite innovante."
"Jordanie","Amman","Amman était autrefois appelée Rabbath-Ammon, signifiant ""ville des Ammonites""","la ville est construite sur sept collines, ce qui lui vaut parfois le surnom de ""Rome du Moyen-Orient""","la Jordanie abrite le site de Petra, une cité nabatéenne sculptée dans la roche, considérée comme l'une des nouvelles sept merveilles du monde."
"Pays-Bas","Amsterdam","Amsterdam possède plus de vélos que d’habitants","Les Pays-Bas sont le plus grand exportateur mondial de fleurs","Amsterdam est célèbre pour ses maisons penchées vers l’avant, conçues pour faciliter le chargement des marchandises."
"Andorre","Andorre-la-Vieille","Andorre est l’un des rares pays au monde sans armée permanente","Andorre-la-Vieille est la capitale la plus haute d’Europe, située à environ 1 023 mètres d’altitude","le pays utilise à la fois l’euro et a des accords fiscaux particuliers attirant de nombreux acheteurs étrangers."
"Turquie","Ankara","Ankara est la deuxième plus grande ville de Turquie après Istanbul","le célèbre fromage turc ""kaşar"" est originaire d’Ankara","la Turquie compte environ 80 000 espèces de plantes, ce qui en fait l’un des pays les plus riches en biodiversité d’Europe."
"Madagascar","Antananarivo","Madagascar est le quatrième plus grand île du monde","Antananarivo signifie ""la ville des mille"" en malgache, en référence aux mille soldats qui y furent stationnés","Plus de 90% des espèces de l'île sont endémiques, c’est-à-dire qu’on ne les trouve nulle part ailleurs sur Terre."
"Samoa","Apia","Apia est l'une des rares capitales du monde située sur une île volcanique","Samoa est l'un des premiers pays à voir le lever du soleil chaque jour grâce à son fuseau horaire proche de la Ligne internationale de changement de date","la cérémonie traditionnelle du 'ava, boisson cérémoniale, est toujours centrale dans la culture samoane, symbolisant l'hospitalité et le respect."
"Érythrée","Asmara","Asmara possède l'une des plus grandes concentrations d'architecture Art déco d'Afrique","l'Érythrée a été un des premiers pays à instaurer un service national obligatoire pour tous les jeunes","le café érythréen est souvent préparé lors d'une cérémonie traditionnelle appelée ""Jebena"" qui peut durer plusieurs heures."
"Kazakhstan","Astana","Astana, rebaptisée Nur-Sultan de 2019 à 2022, est connue pour son architecture futuriste unique","le Kazakhstan est le neuvième plus grand pays du monde, mais il compte moins de 20 millions d'habitants","le désert de Betpak-Dala au Kazakhstan est surnommé ""le désert où il n'y a pas d'ombre"" à cause de son absence quasi totale d'arbres."
"Paraguay","Asuncion","Asunción est l'une des plus anciennes capitales d'Amérique du Sud, fondée en 1537","le Paraguay est un des rares pays bilingues officiellement, avec l'espagnol et le guarani","le pays est célèbre pour son énorme réservoir d'eau douce appelé le Río de la Plata, l'un des plus grands au monde."
"Grèce","Athènes","Le Parthénon à Athènes était autrefois recouvert de sculptures peintes en couleurs vives","la Grèce compte environ 6 000 îles, mais seulement 227 sont habitées","Athènes est considérée comme le berceau de la démocratie, datant de plus de 2 500 ans."
"Îles Cook","Avarua","Les Îles Cook sont jumelées avec la Nouvelle-Zélande, reliant étroitement leur économie et leur culture","Avarua est connue pour son marché coloré où l'on peut goûter des fruits tropicaux frais et des fruits de mer locaux","malgré leur petite taille, les Îles Cook possèdent l'une des plus grandes zones économiques exclusives du Pacifique."
"Irak","Bagdad","Bagdad a été fondée au 8e siècle et était autrefois la plus grande ville du monde","l'Irak abrite les ruines de la cité antique de Babylone, célèbre pour les Jardins suspendus, l'une des Sept Merveilles du monde antique","le fleuve Tigre traverse Bagdad, jouant un rôle central dans l'histoire et l'économie de la ville."
"Azerbaïdjan","Bakou","Bakou est construite sur la plus grande réserve mondiale de pétrole à ciel ouvert","La ville est surnommée la ""ville des vents"" en raison de ses vents constants venant de la mer Caspienne","L'Azerbaïdjan possède une tradition ancienne de chants polyphoniques appelée mugham, classée au patrimoine culturel immatériel de l'UNESCO."
"Mali","Bamako","Le Mali abrite l'ancienne cité de Tombouctou, surnommée ""la ville aux 333 saints"" pour ses nombreux mausolées","Bamako est traversée par le fleuve Niger, l'un des plus longs d'Afrique","le Mali est l'un des plus grands producteurs mondiaux de coton, surnommé ""l'or blanc""."
"Brunei","Bandar Seri Begawan","Brunei est l’un des rares pays au monde où le sharia s’applique partiellement dans son système juridique","Bandar Seri Begawan possède l’une des mosquées les plus grandes et impressionnantes d’Asie du Sud-Est, la mosquée Omar Ali Saifuddien","la ville abrite des habitations traditionnelles sur pilotis appelées Kampong Ayer, souvent surnommées la « Venise de l’Est »."
"Thaïlande","Bangkok","Bangkok est parfois appelée la ville aux anges en raison de son nom officiel très long en thaï","la Thaïlande est le seul pays d’Asie du Sud-Est à n’avoir jamais été colonisé par une puissance européenne","le marché flottant de Damnoen Saduak près de Bangkok est célèbre pour ses vendeurs vendant des produits directement depuis leurs bateaux."
"République centrafricaine","Bangui","La rivière Oubangui à Bangui est une importante voie de transport pour la région","la République centrafricaine possède l’une des plus grandes réserves mondiales de diamants","le pays est surnommé le ""cœur de l’Afrique"" en raison de sa position géographique centrale sur le continent."
"Gambie","Banjul","La Gambie est le plus petit pays d'Afrique continentale","Banjul est située sur une île à l'embouchure du fleuve Gambie","Le carnaval de Banjul est un événement annuel coloré qui attire des visiteurs de toute l'Afrique de l’Ouest."
"Saint-Christophe-et-Niévès","Basseterre","Saint-Christophe-et-Niévès est le plus petit pays du Nouveau Monde avec un Parlement indépendant","Basseterre est l'une des rares capitales du monde située dans une baie naturelle protégée","l'île de Saint-Christophe fut l'un des premiers endroits où le sucre de canne fut cultivé intensivement dans les Amériques."
"Serbie","Belgrade","Belgrade est l'une des rares capitales européennes située à la confluence de deux grands fleuves, la Save et le Danube","La forteresse de Belgrade a été construite et détruite plus de 40 fois au cours de son histoire","La Serbie est le pays d'origine du Nikola Tesla Museum, dédié à l'inventeur et ingénieur célèbre dans le monde entier."
"Belize","Belmopan","Belmopan est la plus petite capitale d'Amérique centrale","Belize possède la deuxième plus grande barrière de corail au monde après celle de l'Australie","le jaguar, animal emblématique de Belize, est un symbole important de la culture maya locale."
"Allemagne","Berlin","Berlin possède plus de ponts que Venise","la forêt noire en Allemagne est célèbre pour ses pendules à coucou","l’Allemagne a inventé l’aspirine en 1897."
"Suisse","Berne","La Suisse a quatre langues officielles : allemand, français, italien et romanche","la fosse aux ours à Berne abrite des ours depuis le Moyen Âge en hommage au nom de la ville","Berne est l'une des rares capitales au monde à posséder une vieille ville médiévale inscrite au patrimoine mondial de l'UNESCO."
"Liban","Beyrouth","Beyrouth est surnommée la ""Paris du Moyen-Orient"" pour son architecture et sa vie culturelle animée","Le cèdre du Liban, symbole national, est mentionné dans la Bible et figure sur le drapeau du pays","Le Liban possède l'un des plus vieux vignobles du monde, avec une tradition vinicole qui remonte à plus de 5 000 ans."
"Kirghizistan","Bichkek","Le Kirghizistan est surnommé « le pays des monts célestes » en raison de ses vastes chaînes montagneuses","Bichkek était autrefois appelée Frunze, du nom d’un héros soviétique, avant de reprendre son nom actuel après l’indépendance","Le pays est célèbre pour le « jeu de l’aigle », où des chasseurs utilisent des aigles pour chasser des proies dans les montagnes."
"Guinée-Bissau","Bissau","La forêt de Cantanhez en Guinée-Bissau abrite des chimpanzés qui utilisent des outils de pierre","Bissau est l'une des rares capitales africaines où une ancienne forteresse portugaise est encore visible en plein centre-ville","la musique traditionnelle de Guinée-Bissau, le gumbe, influence fortement la scène musicale locale avec ses rythmes entraînants."
"Afrique du Sud","Bloemfontein","Bloemfontein est surnommée la ""Ville des arbres"" en raison de son grand nombre d'arbres plantés dans la ville","l'Afrique du Sud est le seul pays au monde à avoir trois capitales officielles, chacune occupant un pouvoir spécifique: Pretoria (administrative), Le Cap (législative) et Bloemfontein (judiciaire)","la cage de prison d'Nelson Mandela à Robben Island faisait partie d'un système pénitentiaire sud-africain tristement célèbre pour avoir enfermé des militants anti-apartheid."
"Colombie","Bogota","Bogotá est située à plus de 2600 mètres d'altitude, ce qui en fait l'une des capitales les plus élevées du monde","la Colombie est le premier producteur mondial de café Arabica","le célèbre écrivain Gabriel García Márquez, prix Nobel de littérature, est colombien."
"Brésil","Brasilia","Brasília a été construite en seulement 41 mois pour devenir la nouvelle capitale du Brésil en 1960","le Brésil est le pays avec la plus grande forêt tropicale humide du monde, l'Amazonie","Brasília a une forme d'avion ou d’oiseau vue du ciel, symbolisant le progrès et la modernité."
"Slovaquie","Bratislava","La porte Michael de Bratislava est la seule porte médiévale encore existante dans la vieille ville","Le château de Bratislava est situé sur une colline dominant le Danube, offrant une vue panoramique sur trois pays à la fois: Slovaquie, Autriche et Hongrie","La Slovaquie possède plus de 6 000 grottes enregistrées, dont plusieurs sont classées au patrimoine mondial de l’UNESCO."
"République du Congo","Brazzaville","Brazzaville est l’une des rares capitales au monde située sur une frontière internationale, juste en face de Kinshasa, la capitale de la République démocratique du Congo, séparées par le fleuve Congo","La République du Congo possède une vaste biodiversité, incluant le parc national d’Odzala-Kokoua, où l’on peut observer des gorilles des plaines de l’Ouest dans leur habitat naturel","Brazzaville a été la capitale de l’Afrique-Équatoriale française pendant la Seconde Guerre mondiale et a joué un rôle clé dans la résistance contre l’occupation allemande."
"Barbade","Bridgetown","Bridgetown est l’une des rares capitales au monde à comporter un punt, un canal non naturel creusé au XVIIe siècle","la Barbade est surnommée ""l'île du vent"" en raison de ses alizés constants qui ont aidé les premiers navigateurs","la Barbade a donné son nom au cocktail ""Barbados Rum Punch"", une boisson traditionnelle locale."
"Belgique","Bruxelles","Bruxelles abrite la plus grande collection de bandes dessinées au monde au Centre Belge de la Bande Dessinée","la Belgique est le plus grand consommateur de chocolat par habitant","le Manneken Pis, symbole célèbre de Bruxelles, a plus de 900 costumes différents."
"Roumanie","Bucarest","La Roumanie abrite le château de Corvin, l’un des plus grands châteaux gothiques d’Europe","Bucarest est surnommée ""le Petit Paris"" en raison de son architecture et de ses boulevards élégants","le Palais du Parlement à Bucarest est le deuxième plus grand bâtiment administratif au monde, après le Pentagone."
"Hongrie","Budapest","Budapest possède le plus grand système de grottes thermales du monde","la Hongrie est le berceau de la gymnastique moderne avec l’invention du Rubik’s Cube","le Parlement hongrois est l’un des plus grands bâtiments législatifs d’Europe, avec une architecture néo-gothique impressionnante."
"Argentine","Buenos Aires","Buenos Aires possède plus de librairies par habitant que n'importe quelle autre ville au monde","l'Argentine est le pays d'origine du dulce de leche, une confiture de lait très populaire","le tango, danse emblématique, a vu le jour dans les quartiers pauvres de Buenos Aires à la fin du XIXe siècle."
"Burundi","Bujumbura","Le Burundi est l'un des plus petits pays d'Afrique en superficie","Bujumbura, ancienne capitale, est située au bord du lac Tanganyika, le deuxième plus profond du monde","le tambour burundais, appelé ""ingoma"", joue un rôle central dans la culture et les cérémonies traditionnelles du pays."
"Égypte","Le Caire","Le Caire est la plus grande ville du monde arabe avec plus de 20 millions d’habitants","les pyramides de Gizeh étaient à l'origine recouvertes de pierres blanches polies reflétant la lumière du soleil","le Nil, qui traverse l’Égypte, est l’un des rares fleuves au monde qui coule du sud vers le nord."
"Australie","Canberra","Canberra a été choisie comme capitale pour résoudre la rivalité entre Sydney et Melbourne","l'Australie possède plus de plages que n'importe quel autre pays","le ""baguette"" est un insecte australien dont le mâle fait plus de 3 fois la taille de la femelle."
"Venezuela","Caracas","Caracas est située à seulement 15 km de la mer tout en étant perchée à 900 mètres d'altitude","Le Venezuela abrite le Salto Ángel, la plus haute chute d'eau du monde avec 979 mètres de hauteur","La ville de Caracas a été fondée par les Espagnols en 1567 sous le nom de Santiago de León de Caracas."
"Sainte-Lucie","Castries","Les Pitons, célèbres montagnes jumelles de Sainte-Lucie, sont un site du patrimoine mondial de l'UNESCO","Castries est connue pour son marché coloré où l’on trouve des épices, des fruits tropicaux et de l’artisanat local","Sainte-Lucie est l’un des rares endroits au monde où l’on peut plonger autour d’une source chaude sous-marine."
"Monténégro","Cetinje","Le Monténégro possède l’un des plus vieux parlements du monde encore en activité, établi en 1701 à Cetinje","Cetinje est surnommée la « ville-musée » car elle abrite plus de 100 musées, galeries et monuments historiques","au Monténégro se trouve le parc national de Durmitor, classé au patrimoine mondial de l’UNESCO, célèbre pour ses lacs glaciaires et ses paysages spectaculaires."
"Moldavie","Chisinau","Chisinau est surnommée la ""ville des arbres"" en raison de ses nombreux parcs et espaces verts","la Moldavie abrite la plus grande cave à vin du monde, Cricova, avec plus de 120 km de galeries souterraines","le pays organise chaque année un festival unique dédié à la truffe noire, un mets rare et prisé."
"Guinée équatoriale","Ciudad de la Paz","La Guinée équatoriale est le seul pays d'Afrique où l'espagnol est langue officielle","Ciudad de la Paz, anciennement appelée Oyala, est une capitale construite récemment pour désengorger Malabo","le pays possède l'un des plus hauts PIB par habitant en Afrique grâce à ses ressources pétrolières."
"Sri Lanka","Colombo","Le Sri Lanka est surnommé la ""Perle de l'océan Indien"" grâce à sa forme et sa richesse naturelle","Colombo abrite une statue géante de Bouddha appelée le ""Buda du port de Colombo"" visible depuis la baie","le pays produit plus de 70% du thé noir vendu dans le monde, grâce à ses plantations dans les régions montagneuses."
"Honduras","Comayagüela","Le Honduras abrite les ruines mayas de Copán, un site archéologique spectaculaire inscrit au patrimoine mondial de l'UNESCO","Comayagüela, souvent confondue avec Tegucigalpa, forme avec elle une double ville capitale, Tegucigalpa-Comayagüela","le Honduras est l'un des principaux producteurs mondiaux de café, une culture essentielle pour son économie."
"Guinée","Conakry","Conakry est construite sur l'île de Tombo, ce qui en fait une capitale insulaire rare en Afrique","la Guinée est l’un des plus grands producteurs mondiaux de bauxite, minerai essentiel à la fabrication de l’aluminium","la musique traditionnelle guinéenne, notamment le djembé, est reconnue mondialement pour son influence et son importance culturelle."
"Danemark","Copenhague","Copenhague possède plus de vélos que d'habitants","le Danemark est souvent classé comme l'un des pays les plus heureux au monde","la petite sirène de Copenhague est sculptée d’après un conte d’Andersen, natif du Danemark."
"Bénin","Cotonou","Le Bénin est le berceau du vaudou, une religion encore très pratiquée aujourd’hui","Cotonou, la plus grande ville du Bénin, n’est pas la capitale officielle, qui est Porto-Novo","le parc national de la Pendjari au Bénin abrite l’une des plus importantes populations d’éléphants d’Afrique de l’Ouest."
"Sénégal","Dakar","Dakar accueille le plus grand rassemblement annuel de motards en Afrique, le Dakar Moto Festival","l'île de Gorée, près de Dakar, était un centre majeur de la traite des esclaves et est aujourd'hui un site UNESCO","le lac Rose, à proximité de Dakar, doit sa teinte rose à une forte concentration de micro-organismes et de sel."
"Syrie","Damas","Damas est souvent considérée comme la plus vieille ville continuellement habitée au monde","La célèbre épice Za'atar, utilisée dans toute la cuisine levantine, est originaire de Syrie","La Grande Mosquée des Omeyyades à Damas abriterait le plus ancien minbar (chaire) en bois au monde, datant du 12e siècle."
"Bangladesh","Dacca","Dacca est connue comme la ""ville des rickshaws"" avec plus d'un million de ces véhicules à pédales","le Bangladesh est le plus grand producteur mondial de jute, surnommé ""l'or blanc""","la langue bengalie de Dacca est la septième langue la plus parlée au monde."
"Tanzanie","Dar es Salam","Le mont Kilimandjaro en Tanzanie est le plus haut sommet d'Afrique","Dar es Salaam est une des plus grandes villes côtières d'Afrique de l'Est avec un port stratégique","le parc national de Serengeti en Tanzanie est célèbre pour la grande migration annuelle de millions d’animaux sauvages."
"Timor oriental","Dili","Timor oriental est l’un des plus jeunes pays indépendants au monde, ayant obtenu son indépendance en 2002","Dili est connue pour ses plages de sable volcanique noir offrant des paysages uniques","la langue tetum est largement parlée à Dili, reflétant l’héritage indigène et portugais du pays."
"Djibouti","Djibouti","Djibouti abrite le lac Assal, le point le plus bas d'Afrique à 155 mètres sous le niveau de la mer","la capitale, Djibouti, est un important port stratégique sur la mer Rouge","le pays est connu pour ses paysages volcaniques uniques, notamment les formations de lave au lac Abbe."
"Soudan du Sud","Djouba","Djouba est l'une des capitales les plus jeunes du monde, créée en 1976","le Soudan du Sud possède plus de 60 groupes ethniques différents, ce qui en fait un pays extrêmement diversifié","malgré son indépendance récente en 2011, le Soudan du Sud possède la plus grande population de crocodiles du Nil en Afrique."
"Qatar","Doha","Doha possède la plus grande mosquée du Qatar, la Mosquée d'État Imam Muhammad ibn Abd al-Wahhab, pouvant accueillir jusqu'à 30 000 fidèles","le musée d'art islamique de Doha est construit sur une île artificielle et contient des objets datant de plus de 1 400 ans","le souk Waqif est un marché traditionnel où l’on peut acheter des faucons, une passion très enracinée dans la culture qatarie."
"Tadjikistan","Douchanbé","Le Tadjikistan est le pays le plus montagneux du monde avec plus de 90 % de son territoire situé à plus de 1 500 mètres d’altitude","Douchanbé signifie « lundi » en tadjik, car la ville s’est développée autour d’un marché hebdomadaire du lundi","Le Tadjikistan possède une des plus grandes centrales hydroélectriques d’Asie centrale, la centrale de Nurek, avec un barrage de 300 mètres de haut."
"Irlande","Dublin","Dublin possède plus de bars par habitant que toute autre capitale européenne","la pierre de Blarney en Irlande est censée donner le don de l'éloquence à ceux qui l'embrassent","le trèfle, symbole mondial de l'Irlande, était utilisé pour expliquer la Sainte Trinité par Saint Patrick."
"Arménie","Erevan","Erevan est l'une des plus anciennes villes habitées en continu au monde, fondée en 782 av. J.-C.","l'Arménie a été le premier pays à adopter le christianisme comme religion d'État en 301 ap. J.-C.","le mont Ararat, symbole national arménien, se trouve aujourd'hui en Turquie, mais est visible depuis Erevan."
"Sierra Leone","Freetown","Freetown a été fondée en 1787 comme une colonie pour les esclaves affranchis","la Sierra Leone est l’un des rares pays au monde où plusieurs langues locales coexistent mais l’anglais reste la langue officielle","le parc national de la forêt de Gola abrite plus de 300 espèces d’oiseaux, offrant une biodiversité exceptionnelle."
"Tuvalu","Funafuti","Tuvalu est l'un des pays les plus petits et les moins peuplés du monde","Funafuti est un atoll composé de 33 îles coralliennes","le pays est en première ligne face à la montée du niveau des mers causée par le changement climatique."
"Botswana","Gaborone","Le Botswana est l'un des plus grands exportateurs mondiaux de diamants","Gaborone est l'une des capitales africaines à la croissance urbaine la plus rapide","Le Botswana a interdit la chasse aux éléphants depuis 2014 pour protéger sa population massive d'éléphants."
"Guyana","Georgetown","Guyana est le seul pays d’Amérique du Sud où l’anglais est la langue officielle","Georgetown possède une cathédrale en bois, la Cathédrale Sainte-George, l’une des plus hautes structures en bois au monde","le pays abrite la plus grande biodiversité de papillons par kilomètre carré au monde."
"Guatemala","Guatemala","La ville de Guatemala est surnommée ""Ciudad de la Eterna Primavera"" en raison de son climat printanier toute l’année","Le drapeau guatémaltèque possède un oiseau appelé le Quetzal, symbole de liberté et monnaie historique","Le site archéologique de Tikal, au Guatemala, est l'une des plus grandes cités mayas jamais découvertes."
"Vietnam","Hanoï","Hanoï possède un ""village des tortues"" où ces animaux symboliques sont protégés","Le Vietnam est le plus grand exportateur mondial de poivre noir","La fameuse soupe pho a été popularisée à Hanoï au début du 20ème siècle."
"Zimbabwe","Harare","Zimbabwe abrite les ruines mystérieuses de Great Zimbabwe, un ancien site en pierre sans mortier datant du 11e siècle","Harare était autrefois appelée Salisbury avant l'indépendance en 1980","le Zimbabwe est l'un des rares pays au monde à avoir imprimé sa propre monnaie en plastique résistant."
"Cuba","La Havane","La Havane abrite la plus grande collection de voitures américaines des années 1950 encore en circulation dans le monde","Cuba est le seul pays où le système de santé est entièrement public et accessible gratuitement à tous","le Malecón, la célèbre promenade maritime de La Havane, s’étend sur environ 8 kilomètres le long de la côte."
"Finlande","Helsinki","À Helsinki, il y a plus de saunas que de voitures","la Finlande est le pays avec le plus grand nombre de saunas par habitant au monde","la capitale Helsinki a une île dédiée aux cérémonies de sauna appelée Löyly."
"Îles Salomon","Honiara","Les Îles Salomon comptent plus de 900 îles, mais seule une trentaine sont habitées","Honiara est l'une des rares capitales mondiales construites après la Seconde Guerre mondiale, en 1952","le site de la bataille de Guadalcanal, l'une des plus importantes de la Seconde Guerre mondiale, se trouve juste à côté d'Honiara."
"Pakistan","Islamabad","Islamabad est l’une des rares capitales au monde à avoir été conçue entièrement avant sa construction","le Pakistan est le premier pays musulman à avoir lancé un satellite en orbite en 1990","la Mosquée Faisal d’Islamabad fut la plus grande mosquée du monde en capacité jusqu’en 1993."
"Indonésie","Jakarta","Jakarta est construite sur 13 îles de la baie de Jakarta","L’Indonésie compte plus de 17 000 îles, ce qui en fait le plus grand archipel du monde","Le komodo, le plus grand lézard vivant, est natif de certaines îles indonésiennes."
"Israël","Jérusalem","Jérusalem est la seule ville au monde à être sainte pour les trois grandes religions monothéistes (judaïsme, christianisme, islam)","Israël est le pays qui compte le plus grand nombre de start-ups par habitant","la mer Morte, bordée par Israël, est le point le plus bas sur Terre à environ 430 mètres sous le niveau de la mer."
"Palestine","Jérusalem","La vieille ville de Jérusalem est divisée en quatre quartiers distincts : juif, musulman, chrétien et arménien","la Palestine possède l'une des plus anciennes traditions de tissage de tapis au monde","Jérusalem abrite le Mur des Lamentations, un lieu sacré où les visiteurs glissent leurs prières écrites dans les fissures du mur."
"Afghanistan","Kaboul","Kaboul est l'une des capitales les plus élevées du monde, située à environ 1 800 mètres d'altitude","le pavot à opium, utilisé pour fabriquer l'héroïne, est une culture principale en Afghanistan","le jeu traditionnel Buzkashi, où les cavaliers se disputent un carcasse de chèvre, est très populaire à Kaboul."
"Ouganda","Kampala","L’Ouganda abrite le lac Victoria, le plus grand lac tropical du monde","Kampala est célèbre pour ses collines, la ville en compte 22","le pays est surnommé « le sommet de l’Afrique » en raison de ses nombreux sommets volcaniques."
"Népal","Katmandou","Le Népal compte plus de 120 langues parlées, ce qui reflète sa grande diversité culturelle","Katmandou est surnommée la ""ville des temples"" avec plus de 200 sites religieux","Le Yéti, créature mythique légendaire, est une figure populaire du folklore népalais."
"Soudan","Khartoum","Khartoum est située à la confluence de deux grands fleuves, le Nil Bleu et le Nil Blanc, formant le Nil.","Le Soudan possède l'une des plus anciennes civilisations au monde avec le royaume de Nubie, contemporains de l'Égypte antique.","Khartoum signifie ""corne de bœuf"" en arabe, en référence à la forme géographique où la ville a été établie."
"Ukraine","Kiev","Kiev abrite la plus grande statue féminine en métal au monde, la Mère-Patrie","la ville possède un métro très profond, avec certaines stations situées à plus de 100 mètres sous terre","l'Ukraine est le plus grand pays entièrement en Europe en termes de superficie."
"Rwanda","Kigali","Kigali est considérée comme l'une des villes les plus propres d'Afrique grâce à une politique stricte de propreté","le Rwanda est surnommé le ""Pays des Mille Collines"" en raison de son relief vallonné","le pays possède le seul parlement au monde composé majoritairement de femmes."
"Jamaïque","Kingston","Kingston abrite le célèbre studio de musique Bob Marley, Tuff Gong","la Jamaïque est le berceau du reggae, un genre musical mondialement reconnu","l'île est le troisième plus grand producteur de bauxite au monde."
"Saint-Vincent-et-les-Grenadines","Kingstown","Saint-Vincent-et-les-Grenadines est connue pour ses plages de sable noir d'origine volcanique","Kingstown abrite le plus ancien jardin botanique des Caraïbes, le St. Vincent Botanic Gardens, fondé en 1765","l'île de Saint-Vincent est le seul endroit au monde où les pétrels de Barau, une espèce rare d'oiseau marin, viennent nicher."
"République démocratique du Congo","Kinshasa","Kinshasa est l'une des plus grandes villes francophones du monde, avec plus de 15 millions d'habitants","la République démocratique du Congo possède la deuxième plus grande forêt tropicale du monde après l'Amazonie","le fleuve Congo, qui traverse le pays, est le plus profond du monde, atteignant des profondeurs de plus de 220 mètres."
"Palaos","Melekeok","Palaos est composé de plus de 500 îles, bien que seulement une vingtaine soient habitées","Melekeok est la capitale administrative la plus récente d’un pays insulaire au Pacifique, ayant remplacé Koror en 2006","le lagon de Palaos est un site classé au patrimoine mondial de l'UNESCO, réputé pour ses formations de corail uniques et ses ""jellyfish lakes"" où l'on peut nager avec des méduses inoffensives."
"Koweït","Koweït","Le Koweït possède l’un des plus grands marchés de parfums au monde, avec une culture olfactive très développée","la tour du Koweït, emblème de la capitale, utilise l’eau de mer pour son système de refroidissement","en 1991, le Koweït a organisé la plus grande opération mondiale de nettoyage pétrolier après l’incendie massif des puits de pétrole causé par la guerre du Golfe."
"Malaisie","Kuala Lumpur","Les tours jumelles Petronas à Kuala Lumpur étaient les plus hautes du monde de 1998 à 2004","La Malaisie est l’un des plus grands exportateurs de caoutchouc naturel au monde","Kuala Lumpur signifie « confluent boueux » en malais, en référence à l’endroit où deux rivières se rejoignent."
"Gabon","Libreville","Le Gabon abrite la forêt tropicale la plus dense d'Afrique, couverte à environ 85 % de son territoire","Libreville signifie ""ville libre"" et a été fondée par des esclaves affranchis","le parc national de Loango au Gabon est célèbre pour ses éléphants qui se baignent dans l'océan."
"Malawi","Lilongwe","Le lac Malawi abrite plus d'espèces de poissons cichlidés que tout autre lac au monde","Lilongwe est une des rares capitales africaines à combiner des zones urbaines modernes et des marchés traditionnels très vivants","Malawi est surnommé ""le pays chaud de l'Afrique"" en raison de sa population accueillante et de son climat agréable."
"Pérou","Lima","Lima est appelée la ""ville des rois"" car elle fut fondée un 6 janvier, jour de l'Épiphanie","Le Pérou abrite la plus grande collection de papillons au monde, avec plus de 3 700 espèces répertoriées","Le chef péruvien a popularisé le ceviche, un plat à base de poisson cru mariné au citron vert, considéré comme patrimoine culturel."
"Portugal","Lisbonne","Lisbonne est construite sur sept collines, ce qui lui donne des vues spectaculaires à chaque coin de rue","le Portugal est le plus grand producteur mondial de liège, utilisé pour fabriquer les bouchons de bouteilles","le tramway jaune emblématique de Lisbonne, le nº28, traverse des quartiers historiques datant du Moyen Âge."
"Slovénie","Ljubljana","Ljubljana est l'une des rares capitales européennes à être presque entièrement piétonne en son centre-ville","Le château de Ljubljana possède une tour fantôme célèbre, la « tour du dragon », symbole de la ville","La Slovénie est l'un des rares pays au monde à avoir plus de forêts que de terres agricoles."
"Togo","Lomé","Lomé est l'une des rares capitales africaines à posséder une plage accessible en centre-ville","Le pays est surnommé ""le pays aux cinq rivières"" malgré sa petite taille","Le marché de Lomé est célèbre pour ses objets artisanaux faits à base de calebasses sculptées."
"Royaume-Uni","Londres","La Tour de Londres a accueilli des corbeaux depuis des siècles, car une légende dit que si les corbeaux disparaissent, la monarchie s’effondrera","Londres possède un métro secret, même appelé « le métro fantôme », avec des stations abandonnées comme Aldwych","le palais de Buckingham possède une salle où sont organisées des fêtes privées, mais elle est interdite au public et ne figure sur aucun plan officiel."
"Angola","Luanda","Luanda est l'une des villes les plus chères au monde pour les expatriés","L'Angola est le deuxième plus grand producteur de pétrole en Afrique subsaharienne","Le nom ""Luanda"" vient du royaume Ndongo qui existait avant la colonisation portugaise."
"Zambie","Lusaka","La Zambie est l’un des rares pays africains sans accès à la mer","Le parc national de South Luangwa en Zambie est célèbre pour ses safaris à pied","Lusaka signifie ""endroit calme"" dans la langue locale."
"Luxembourg","Luxembourg","Le Luxembourg est l'un des plus petits pays au monde avec une superficie d'environ 2 586 km²","la vieille ville de Luxembourg est classée au patrimoine mondial de l'UNESCO pour ses fortifications impressionnantes","le pays a trois langues officielles : le luxembourgeois, le français et l'allemand."
"Espagne","Madrid","Madrid possède plus de pièces de théâtre que New York","l'Espagne est le deuxième pays au monde avec le plus de dialectes","la Plaza Mayor de Madrid a servi de marché, lieu d'exécution et arène de corrida."
"Îles Marshall","Majuro","Les Îles Marshall abritent le site d'essais nucléaires des États-Unis dans les années 1940-50","Majuro est une lagune protégée formée par un atoll coralien s’étendant sur environ 80 km","La langue marshallaise utilise un alphabet latin modifié, unique à la région."
"Maldives","Malé","Les Maldives comptent environ 1 200 îles coralliennes, mais seulement 200 sont habitées","Malé est l'une des capitales les plus densément peuplées au monde","Le pays ne dépasse jamais 2 mètres d'altitude, ce qui en fait la nation la plus basse de la planète."
"Nicaragua","Managua","Le lac Nicaragua abrite des requins d'eau douce uniques appelés requins bouledogue","Managua est construite sur un sol volcanique très actif, ce qui rend la ville sujette à des tremblements de terre fréquents","Le volcan Momotombo, proche de Managua, est l’un des plus actifs d’Amérique centrale."
"Bahreïn","Manama","Bahreïn est le premier pays du Golfe à avoir découvert du pétrole en 1932","Manama possède l'un des souks les plus anciens et colorés du Moyen-Orient","la mosquée Al-Fateh à Manama peut accueillir jusqu'à 7 000 fidèles, ce qui en fait l'une des plus grandes au monde."
"Philippines","Manille","Manille est l'une des villes les plus densément peuplées au monde","Les Philippines comptent plus de 7 000 îles, ce qui en fait l'un des plus grands archipels","Le Tarsier, l'un des plus petits primates au monde, est natif des Philippines."
"Mozambique","Maputo","Maputo possède l'une des plus anciennes lignes de tramway encore en fonctionnement en Afrique","Le Mozambique abrite le parc national de Gorongosa, connu pour sa biodiversité exceptionnelle","La langue majoritairement parlée à Maputo est le portugais, vestige de la colonisation portugaise."
"Oman","Mascate","Oman est le seul pays du Golfe à ne pas avoir de pétrole dans sa capitale Mascate","Mascate possède une vieille ville avec des forts historiques parfaitement conservés, datant du XVIe siècle","Oman abrite la plus grande population mondiale de tortues imbriquées, une espèce en voie de disparition."
"Lesotho","Maseru","Le Lesotho est le seul pays au monde à être entièrement situé à plus de 1 000 mètres d'altitude","Maseru signifie ""le lieu des rochers"" en sesotho","le Lesotho est le seul pays en Afrique à ne pas avoir de frontière commune avec l'océan."
"Eswatini","Mbabane","Eswatini est l'un des derniers royaumes absolus d'Afrique où le roi a encore un pouvoir politique important","Mbabane, la capitale, est la plus haute capitale d'Afrique, située à environ 1 243 mètres d'altitude","la culture swazi est riche en festivals traditionnels, dont le célèbre Umhlanga, la danse des roseaux, qui rassemble des milliers de participantes chaque année."
"Mexique","Mexico","La ville de Mexico est construite sur un ancien lac, ce qui cause un affaissement progressif du sol","Le Mexique a donné au monde le chocolat, la vanille et le piment","Le célèbre site archéologique de Teotihuacan situé près de Mexico possède la plus grande pyramide de la préhistoire américaine, la Pyramide du Soleil."
"Biélorussie","Minsk","Minsk possède un métro décoré avec des mosaïques et des lustres rappelant le style soviétique","la Biélorussie abrite une forêt de pins appelée la ""forêt de la mort"" près de Tchernobyl, évitée après la catastrophe nucléaire","le Château de Mir, en Biélorussie, est inscrit au patrimoine mondial de l’UNESCO et mélange styles gothique, renaissance et baroque."
"Somalie","Mogadiscio","La Somalie possède la plus longue côte d'Afrique continentale, s'étendant sur environ 3 025 kilomètres","Mogadiscio est souvent surnommée ""La Perle de l'Océan Indien"" en raison de sa beauté côtière historique","la monnaie somalienne, le shilling somalien, est l'une des moins cotées au monde, reflétant des décennies d'instabilité économique."
"Monaco","Monaco","Monaco est le deuxième plus petit pays du monde après le Vatican","le Grand Prix de Monaco utilise les rues normales de la ville comme circuit","Monaco n'a pas d'aéroport, seulement un héliport."
"Liberia","Monrovia","Monrovia est l'une des rares capitales africaines nommée d'après un président américain, James Monroe","le Liberia est le seul pays africain fondé par des esclaves affranchis venus des États-Unis","le drapeau du Liberia ressemble beaucoup à celui des États-Unis, avec 11 rayures pour représenter les 11 signataires de la déclaration d'indépendance."
"Uruguay","Montevideo","Montevideo possède une ancienne prison transformée en musée d'art contemporain","l’Uruguay a été le premier pays au monde à légaliser la production, la vente et la consommation de cannabis","le carnaval de Montevideo est l’un des plus longs au monde, durant environ 40 jours."
"Comores","Moroni","Les Comores comptent plus de 300 îles, mais seulement quatre sont habitées","Moroni possède un marché coloré réputé pour ses épices rares et ses produits locaux","l'archipel des Comores est situé à la jonction de plusieurs plaques tectoniques, ce qui rend la région sismiquement active."
"Russie","Moscou","Moscou possède le métro le plus profond du monde avec la station Park Pobedy située à 84 mètres sous terre","la Russie compte 11 fuseaux horaires, la plupart de tous les pays","le Kremlin de Moscou contient un clocher appelé Ivan le Grand qui a inspiré l’architecture orthodoxe russe."
"Kenya","Nairobi","Nairobi est surnommée la ""ville verte au cœur de l’Afrique"" grâce à ses vastes espaces verts et son parc national situé à proximité du centre-ville","le parc national de Nairobi est l'un des rares parcs nationaux au monde à se trouver à côté d'une grande métropole","le Kenya a la réputation d’être le berceau des marathoniens, produisant certains des coureurs les plus rapides et dominants au monde."
"Bahamas","Nassau","Les Bahamas comptent plus de 700 îles et îlots","Nassau est célèbre pour son architecture coloniale colorée influencée par les pirates","la première colonie britannique permanente dans les Bahamas a été établie en 1647."
"Birmanie","Naypyidaw","Naypyidaw est l'une des rares capitales au monde à avoir été construite de toutes pièces dans les années 2000","la Birmanie abrite plus de 100 groupes ethniques différents avec leurs propres langues et traditions","la pagode Shwedagon de Yangon est riche d'or de plusieurs tonnes et est considérée comme l’un des sites bouddhistes les plus sacrés."
"Tchad","N'Djaména","Le Tchad est surnommé le ""Pays au cœur de l'Afrique"" car il est situé presque au centre géographique du continent","N'Djaména, la capitale, était autrefois appelée Fort-Lamy en l'honneur d’un officier colonial français","le lac Tchad, à la frontière du pays, a considérablement rétréci au cours des dernières décennies, impactant les populations locales."
"Inde","New Delhi","New Delhi est la capitale la plus verte au monde avec plus de 20% de couverture forestière","l'Inde possède la plus grande diversité de religions au monde, incluant l'hindouisme, l'islam, le christianisme, le sikhisme, et bien d'autres","le Taj Mahal, situé près de New Delhi, change de couleur selon l'heure de la journée à cause de la lumière du soleil."
"Niger","Niamey","Le Niger est l'un des plus grands producteurs mondiaux d'uranium","Niamey est traversée par le fleuve Niger, essentiel pour l'agriculture locale","le Grand Marché de Niamey est un centre vibrant d'artisanat traditionnel et de commerce régional."
"Chypre","Nicosie","Nicosie est la dernière capitale divisée au monde, séparée entre la partie grecque et la partie turque","Chypre est le troisième plus grand producteur mondial de cuivre dans l'Antiquité, d'où son nom (Kypros signifie cuivre en grec ancien)","la ville de Famagouste, proche de Nicosie, possède des remparts vénitiens inscrits au patrimoine mondial de l’UNESCO."
"Mauritanie","Nouakchott","Nouakchott était un petit village de pêcheurs avant de devenir la capitale de la Mauritanie en 1960","la Mauritanie est l’un des rares pays à avoir une partie de son territoire dans le désert du Sahara et l’autre dans la savane","le Parc National du Banc d’Arguin, en Mauritanie, est un site Ramsar reconnu pour être l’un des endroits les plus importants au monde pour l’observation des oiseaux migrateurs."
"Tonga","Nukuʻalofa","Tonga est le seul royaume insulaire du Pacifique à n'avoir jamais été colonisé","Nukuʻalofa signifie ""lieu de love"" en tongien","Les foules de Nukuʻalofa célèbrent souvent les événements avec des danses traditionnelles appelées ""lakalaka""."
"Norvège","Oslo","Oslo est l'une des rares capitales au monde entourée de vastes forêts et de fjords","La Norvège a un fjord nommé ""Nærøyfjord"" inscrit au patrimoine mondial de l'UNESCO","Oslo possède un musée en plein air, le Norsk Folkemuseum, où l’on peut voir des bâtiments historiques de tout le pays."
"Canada","Ottawa","Le Parlement d’Ottawa possède une horloge appelée la Tour de la Paix qui sonne toutes les 15 minutes","Ottawa est la seule capitale nationale au monde à avoir une ferme urbaine dans son centre-ville","le Canada compte plus de lacs que le reste du monde réunis, avec environ 2 millions de lacs."
"Burkina Faso","Ouagadougou","Ouagadougou est surnommée ""Ouaga"" par ses habitants","le Burkina Faso signifie ""le pays des hommes intègres"" en langues locales","le pays organise chaque deux ans le FESPACO, le plus grand festival de cinéma africain."
"Mongolie","Oulan-Bator","Oulan-Bator est la capitale la plus froide du monde, avec des hivers pouvant descendre jusqu’à -40°C","la Mongolie est l’un des pays les moins densément peuplés, avec environ 2 habitants au km²","les cavaliers mongols peuvent communiquer avec leurs chevaux à travers le vent en sifflant grâce à une technique ancestrale."
"États fédérés de Micronésie","Palikir","Les États fédérés de Micronésie comptent plus de 600 îles réparties sur une vaste étendue océanique","Palikir, la capitale, est l'une des capitales nationales les moins peuplées au monde avec environ 6 000 habitants","malgré sa taille, Micronésie utilise quatre langues officielles, reflétant sa diversité culturelle."
"Panama","Panama","Le canal de Panama utilise un système d’écluses uniques permettant aux bateaux de ""monter"" et ""descendre"" sur plus de 26 mètres","Panama City est construite sur l'ancien site de la ville de Panamá la Vieja, fondée en 1519 et détruite par les pirates en 1671","le métro de Panama City, inauguré en 2014, est le premier métro d'Amérique centrale."
"Suriname","Paramaribo","Paramaribo possède un centre-ville inscrit au patrimoine mondial de l'UNESCO grâce à son architecture coloniale en bois unique","le Suriname est le pays le moins densément peuplé d’Amérique du Sud","le fleuve Suriname abrite une des plus grandes populations de lamantins au monde."
"France","Paris","La tour Eiffel peut rétrécir de 15 cm par temps froid","Paris compte plus de 400 parcs et jardins","Le Louvre est le musée le plus visité au monde, avec plus de 10 millions de visiteurs par an."
"Bolivie","La Paz","La Paz est la capitale la plus haute du monde, située à environ 3 650 mètres d'altitude","la Bolivie possède le plus grand désert de sel au monde, le Salar d'Uyuni","le téléphérique urbain de La Paz, connu sous le nom de Mi Teleférico, est le plus long réseau de téléphériques urbains au monde."
"Chine","Pékin","La Grande Muraille de Chine n’est pas visible depuis la Lune à l'œil nu","Pékin compte plus de motos que de voitures","La Cité Interdite à Pékin possède près de 9 000 pièces, ce qui en fait le plus grand palais impérial au monde."
"Cambodge","Phnom Penh","Phnom Penh est surnommée la ""Perle de l'Asie du Sud-Est"" en raison de sa beauté et de son emplacement au confluent de trois fleuves","Le Cambodge abrite le temple d'Angkor Wat, le plus grand monument religieux au monde","Le café khmer est souvent préparé avec du lait concentré sucré et servi sur glace, créant une boisson unique et rafraîchissante."
"Papouasie-Nouvelle-Guinée","Port Moresby","La Papouasie-Nouvelle-Guinée compte plus de 800 langues différentes, ce qui en fait l'un des pays les plus linguistiquement diversifiés au monde","Port Moresby est l'une des rares capitales du Pacifique à ne pas être située directement sur une grande île, mais sur une péninsule","le pays abrite la plus grande rivière souterraine connue, la rivière Hindenburg, située dans une grotte du massif de l'Imbak."
"Haïti","Port-au-Prince","Haïti est le premier pays à avoir obtenu son indépendance par une révolte d'esclaves en 1804","Port-au-Prince possède une place nommée Place Boyer où se trouve la plus ancienne cathédrale d'Amérique latine en bois","Haïti est célèbre pour son art vaudou, un mélange unique de culture africaine, française et indigène."
"Trinité-et-Tobago","Port-d'Espagne","Trinité-et-Tobago est le berceau du steelpan, le premier instrument de musique acoustique inventé au 20e siècle","Port-d'Espagne est connue pour son carnaval vibrant, l'un des plus grands et colorés des Caraïbes","l'île de Tobago abrite l'une des plus anciennes réserves naturelles protégées du Nouveau Monde, le parc national de la forêt tropicale de Tobago."
"Maurice","Port-Louis","Port-Louis abrite le plus ancien marché encore en activité de l'océan Indien, le Marché Central","Maurice est le seul endroit au monde où pousse le tambalacoque, ou ""arbre de vie""","la ville de Port-Louis a été construite autour d'un port naturel formé par un ancien lagon coralien."
"Vanuatu","Port-Vila","Vanuatu est le seul pays au monde à avoir une langue officielle, le conlang (langue construite) appelé Bislama, qui est un créole à base anglaise","Port-Vila est célèbre pour ses sources chaudes naturelles où les habitants se relaxent","l'archipel de Vanuatu est situé sur la Ceinture de Feu du Pacifique, ce qui en fait une zone avec de nombreux volcans actifs, dont le mont Yasur, accessible aux visiteurs."
"République tchèque","Prague","Le pont Charles à Prague est décoré de 30 statues baroques, dont beaucoup ont des anecdotes légendaires","la République tchèque est le pays avec la plus haute consommation de bière par habitant au monde","le musée de la torture de Prague expose des instruments médiévaux macabres utilisés autrefois."
"Cap-Vert","Praia","Praia est construite sur trois collines offrant des vues panoramiques sur l'océan Atlantique","Le Cap-Vert est l’un des rares pays africains à ne pas avoir de malarial endémique","La morna, genre musical national, a inspiré des artistes comme Cesária Évora, surnommée la “Diva aux pieds nus”."
"Corée du Nord","Pyongyang","La Corée du Nord utilise un fuseau horaire unique, décalé de 30 minutes par rapport à la Corée du Sud","Pyongyang possède une station de métro très profonde, aussi utilisée comme abri anti-aérien","les habitants de Pyongyang doivent obtenir une permission spéciale pour y vivre, réservée principalement à l'élite politique."
"Équateur","Quito","Quito est la capitale la plus élevée du monde située à environ 2 850 mètres d'altitude","l'Équateur abrite la ligne de l'équateur qui passe presque exactement au centre du pays","la forêt amazonienne équatorienne contient une biodiversité parmi les plus riches de la planète."
"Maroc","Rabat","Rabat est l’une des rares capitales au monde à posséder une plage en plein centre-ville","Le Maroc abrite la plus ancienne université encore en activité, l’Université Al Quaraouiyine, fondée en 859 à Fès","La kasbah des Oudayas à Rabat est classée au patrimoine mondial de l’UNESCO et offre un mélange unique d’architecture andalouse et marocaine."
"Islande","Reykjavik","Reykjavik est la capitale la plus septentrionale du monde","En Islande, il est légal de nager dans des piscines chauffées à l'eau géothermique toute l'année","Le pays possède un parlement, l'Alþingi, fondé en 930, l'un des plus anciens au monde encore en fonctionnement."
"Lettonie","Riga","Riga possède la plus grande vieille ville médiévale d'Europe du Nord","la Lettonie est célèbre pour ses chants chantés lors du Festival du Chant qui réunit des milliers de participants","la capitale Riga abrite l’une des plus grandes collections d’architecture Art nouveau au monde."
"Arabie saoudite","Riyad","Riyad est l’une des villes les plus chaudes du monde durant l’été, avec des températures pouvant dépasser les 50°C","L’Arabie saoudite abrite la plus grande péninsule désertique du monde, le désert Rub al-Khali, aussi appelé « Quart Vide »","Riyad a connu une transformation rapide en moins d’un siècle, passant d’un modeste village à une métropole moderne avec plus de 7 millions d’habitants."
"Italie","Rome","Le Colisée pouvait accueillir jusqu'à 50 000 spectateurs","Rome possède une fontaine où l'on peut boire de l'eau potable gratuite, la Fontana dell'Acqua Paola","En Italie, la pizza Margherita a été créée en hommage à la reine Margherita avec les couleurs du drapeau italien (basilic vert, mozzarella blanche, tomate rouge)."
"Dominique","Roseau","Dominique est surnommée l'« île de la nature » en raison de sa biodiversité exceptionnelle","Roseau, la capitale, est construite sur le site d'un ancien village indigène Kalinago","Dominique possède l'un des rares trous bleus sous-marins accessibles à la plongée dans les Caraïbes."
"Antigua-et-Barbuda","Saint John's","Antigua-et-Barbuda compte 365 plages, une pour chaque jour de l’année","Saint John's possède l'une des plus anciennes bibliothèques publiques des Caraïbes, fondée en 1747","l'île d'Antigua abrite une ferme de corail créée pour restaurer les récifs menacés."
"République dominicaine","Saint-Domingue","Saint-Domingue est la plus ancienne ville européenne constamment habitée des Amériques","la République dominicaine abrite le plus grand lagon salé des Caraïbes, la Laguna de la Restinga","c’est dans ce pays que Christophe Colomb a établi la première colonie européenne en 1493."
"Grenade","Saint-Georges","La capitale Saint-Georges est célèbre pour son marché coloré qui vend des épices locales comme la muscade et la cannelle","Grenade est surnommée ""l'île aux épices"" en raison de sa production importante de muscade","le célèbre scientifique Nikola Tesla aurait séjourné à Grenade pendant ses voyages."
"Saint-Marin","Saint-Marin","Saint-Marin est l'une des plus anciennes républiques du monde, fondée en 301 après J.-C.","sa capitale, également appelée Saint-Marin, est perchée sur le mont Titano, offrant une vue panoramique spectaculaire","le pays n’a pas d’armée permanente, mais une petite force militaire composée de volontaires."
"Costa Rica","San José","Le Costa Rica ne possède pas d'armée depuis 1949, consacrant ainsi ses ressources à l'éducation et à la santé","San José est surnommée la ""Ville des Muses"" grâce à sa riche vie culturelle et artistique","le pays abrite environ 5% de la biodiversité mondiale malgré sa petite taille."
"Salvador","San Salvador","Salvador est le plus petit pays d’Amérique centrale mais compte une des densités de population les plus élevées","San Salvador est située près d’un volcan actif, le volcan San Salvador","la ville a été reconstruite plusieurs fois à cause de tremblements de terre majeurs, notamment celui de 1986."
"Chili","Santiago","Santiago est entourée par la chaîne de montagnes des Andes, offrant une vue spectaculaire toute l’année","le Chili est le plus long pays du monde du nord au sud, avec plus de 4 300 km de longueur","le désert d’Atacama au Chili est le lieu habité le plus sec sur Terre, avec certains endroits n’ayant pas reçu de pluie depuis des centaines d’années."
"Sao Tomé-et-Principe","São Tomé","São Tomé-et-Principe est le deuxième plus petit pays d'Afrique par sa superficie","São Tomé est entourée de plantations historiques de cacao qui ont fait la richesse de l'île","l'archipel est connu pour ses espèces endémiques comme le oiseau-mouche de São Tomé, unique à ces îles."
"Bosnie-Herzégovine","Sarajevo","Sarajevo est surnommée ""la Jérusalem de l'Europe"" en raison de la cohabitation historique de diverses religions","la vieille ville de Mostar en Bosnie-Herzégovine possède un pont ottoman reconstruit inscrit au patrimoine mondial de l’UNESCO","la Bosnie-Herzégovine a accueilli les Jeux Olympiques d'hiver de 1984, une première pour un pays communiste à l'époque."
"Corée du Sud","Sejong","La ville de Sejong a été créée spécialement pour désengorger Séoul et servir de nouvelle capitale administrative","en Corée du Sud, les feux de signalisation ont souvent un son pour aider les malvoyants à traverser la rue","Séjong est une ville très verte, avec plus de 40% de sa superficie couverte de parcs et espaces naturels."
"Singapour","Singapour","À Singapour, il est illégal de vendre du chewing-gum sauf à des fins médicales","la ville-État compte plus de 50 % d'espaces verts malgré son urbanisation intense","le métro de Singapour est l'un des plus propres et ponctuels au monde."
"Macédoine du Nord","Skopje","Skopje possède une statue gigantesque d’Alexandre le Grand surnommée ""Le Cavalier de Skopje""","La Macédoine du Nord est l’un des rares pays où l’on peut voir des ours bruns sauvages dans la nature","Le vieux bazar de Skopje est l’un des plus grands et anciens marchés ottomans encore en activité dans les Balkans."
"Bulgarie","Sofia","La Bulgarie est le berceau de la plus ancienne civilisation européenne connue, les Thraces","Sofia possède une église orthodoxe datant du IVe siècle, la basilique Sainte-Sophie, qui a donné son nom à la ville","le rose bulgare, utilisé pour la production d’huile essentielle, provient principalement des vallées autour de Kazanlak."
"Suède","Stockholm","Stockholm est construite sur 14 îles reliées par 57 ponts","la Suède est célèbre pour avoir inventé le pacemaker moderne","chaque année, environ 7 millions de bâtons de licorice sont consommés en Suède."
"Fidji","Suva","Fidji compte plus de 300 îles, mais seulement environ 110 sont habitées","Suva est l'une des peu nombreuses capitales du Pacifique construite sur la côte d'une île volcanique","la réserve marine de Suva est un spot privilégié pour observer de rares coraux fluorescents la nuit."
"Ouzbékistan","Tachkent","Tachkent est l'une des rares capitales d'Asie centrale à avoir été entièrement reconstruite après un tremblement de terre dévastateur en 1966","L'Ouzbékistan abrite le mystérieux désert du Kyzylkoum, dont le nom signifie ""sable rouge"" en turc","La ville historique de Samarcande, en Ouzbékistan, était un point clé sur la légendaire Route de la Soie reliant l'Orient et l'Occident."
"Estonie","Tallinn","Tallinn abrite l'un des plus anciens centres-villes médiévaux d'Europe encore bien préservés","l'Estonie est l'un des pays les plus digitalisés au monde, avec des services gouvernementaux accessibles en ligne à 99%","la tradition de la ""chasse aux œufs"" lors de la fête de la Saint-Jean (Jaaniõhtu) en Estonie est accompagnée de feux de joie géants qui illuminent toute la campagne."
"Kiribati","Tarawa-Sud","Kiribati est le seul pays traversé par la ligne de changement de date et situé dans tous les quatre hémisphères","Tarawa-Sud est un atoll formé par plus de 20 îles reliées par des ponts et des routes","lors de la Seconde Guerre mondiale, Tarawa a été le théâtre d’une bataille particulièrement sanglante entre les États-Unis et le Japon."
"Géorgie","Tbilissi","Tbilissi a été fondée au 5ème siècle par le roi Vakhtang Ier Gorgassali, selon la légende, après qu'il ait découvert des sources chaudes en chassant un faisan","La Géorgie est considérée comme l’un des berceaux de la viticulture, avec des preuves de production de vin datant de plus de 8000 ans","Tbilissi est connue pour son architecture éclectique, combinant influences orientales et européennes, notamment dans son vieux quartier avec ses balcons en bois sculptés."
"Iran","Téhéran","Téhéran est construite au pied des montagnes de l’Alborz, offrant une vue spectaculaire sur la neige même en été","l’Iran abrite le plus ancien jardin persan encore en existence, le Jardin de Fin à Kashan, datant du 16ème siècle","Téhéran est l'une des rares capitales au monde où les chats errants ont leur propre statut protégé et sont soignés par la population locale."
"Bhoutan","Thimphou","Le Bhoutan mesure le bonheur national brut plutôt que le produit intérieur brut","Thimphou est l'une des rares capitales sans feux de circulation","la langue officielle dzongkha utilise un script tibétain unique appelée Uchen."
"Albanie","Tirana","Tirana a changé la couleur de ses bâtiments en pastel pour égayer la ville après des années de grisaille communiste","l’Albanie est l’un des rares pays européens sans grizzli ni ours brun","le drapeau albanais est l’un des seuls au monde à avoir survécu quasiment inchangé depuis le Moyen Âge."
"Japon","Tokyo","Tokyo compte plus de restaurants que toute la ville de New York","au Japon, il existe une île habitée uniquement par des lapins appelée Ōkunoshima","les distributeurs automatiques à Tokyo vendent plus que des boissons, incluant des parapluies et même des fleurs fraîches."
"Libye","Tripoli","La Libye possède le plus grand désert de sable au monde, le désert du Sahara","Tripoli était autrefois un important centre de commerce carthaginois au temps de l'Antiquité","le site archéologique de Leptis Magna en Libye est l'une des villes romaines les mieux conservées au monde."
"Tunisie","Tunis","La médina de Tunis est classée au patrimoine mondial de l’UNESCO depuis 1979","Le site archéologique de Carthage, proche de Tunis, fut l’une des plus grandes cités de l’Antiquité","La Tunisie est le premier pays africain à avoir adopté le téléphone portable en 1988."
"Liechtenstein","Vaduz","Le Liechtenstein est le seul pays au monde à être situé entièrement dans les Alpes","Vaduz, la capitale, possède un château médiéval perché sur une colline, résidence officielle du prince","le pays n'a pas d'armée permanente et dépend de la Suisse pour sa défense."
"Malte","La Valette","La Valette est la plus petite capitale de l'Union européenne en termes de superficie","Malte possède l'un des plus anciens temples mégalithiques au monde, âgés d'environ 5 000 ans","les toits colorés typiques de La Valette furent autrefois utilisés pour signaler aux pêcheurs que leur famille était à la maison."
"Pologne","Varsovie","Varsovie a été presque entièrement reconstruite après la Seconde Guerre mondiale, au point d’être surnommée «la Phoenix d’Europe»","la Pologne est le premier producteur mondial de pommes de terre","la sirène de Varsovie, symbole légendaire de la ville, figure sur son blason officiel."
"Vatican","Vatican","Le Vatican est le plus petit État indépendant du monde, couvrant seulement 44 hectares","il possède sa propre station de radio, la Radio Vatican, créée en 1931","la Garde Suisse, chargée de la sécurité du pape, porte des uniformes colorés inspirés de la Renaissance."
"Seychelles","Victoria","Victoria est l'une des plus petites capitales au monde","les Seychelles abritent la célèbre tortue géante Aldabra, l'une des plus grandes au monde","les plages des Seychelles sont souvent composées de granit rose unique, différent des plages de sable blanc classiques."
"Autriche","Vienne","Vienne possède le plus grand réseau de transports publics au monde desservant une ville taille comparable","Mozart a composé son tout premier opéra à seulement 12 ans","en Autriche, il existe une tradition appelée le ""Krampuslauf"" où des personnages effrayants défilent avant Noël."
"Laos","Vientiane","Le Pha That Luang à Vientiane est recouvert de feuilles d'or pur","le Laos est le seul pays d'Asie du Sud-Est à ne pas avoir d'accès à la mer","Vientiane est la seule capitale mondiale traversée par le fleuve Mékong."
"Lituanie","Vilnius","Vilnius possède l'une des plus vastes vieilles villes médiévales d'Europe du Nord","La Lituanie a été le premier pays à déclarer son indépendance de l'Union soviétique en 1990","Le château de Trakai près de Vilnius est construit sur une île au milieu d'un lac."
"États-Unis","Washington","La Maison-Blanche contient 132 pièces mais n’a pas de sous-sol officiel","Washington D.C. est une des rares capitales au monde à ne pas appartenir à un État","le Capitole des États-Unis a une clé de voûte gothique gravée à la main datant de 1829."
"Nouvelle-Zélande","Wellington","Wellington est surnommée ""la capitale du vent"" en raison de ses vents fréquents et puissants","la Nouvelle-Zélande a été le premier pays à accorder le droit de vote aux femmes en 1893","la ville de Wellington abrite le célèbre musée Te Papa Tongarewa, connu pour son approche interactive et moderne de l'histoire et de la culture."
"Namibie","Windhoek","La Namibie abrite le désert du Namib, l'un des plus anciens et des plus secs du monde","Windhoek signifie ""coin des vents"" en allemand","la Namibie est le premier pays à avoir interdit la chasse commerciale aux rhinocéros."
"Côte d'Ivoire","Yamoussoukro","Yamoussoukro abrite la basilique Notre-Dame de la Paix, la plus grande église du monde","la Côte d'Ivoire est le premier producteur mondial de cacao","la capitale administrative a été déplacée d'Abidjan à Yamoussoukro en 1983 par le président Félix Houphouët-Boigny."
"Cameroun","Yaoundé","Yaoundé est surnommée ""la ville aux sept collines"" en raison de son relief vallonné","le Cameroun est l'un des seuls pays africains à être appelé ""l'Afrique en miniature"" pour sa diversité culturelle et géographique","la cataracte d'Ekom, proche de Yaoundé, est une cascade impressionnante entourée de légendes locales."
"Nauru","Yaren","Nauru est le troisième plus petit pays du monde par superficie","Yaren n’est pas officiellement une capitale, mais sert de centre administratif","Nauru a été autrefois l'un des pays les plus riches par habitant grâce à ses réserves de phosphate."
"Croatie","Zagreb","Zagreb possède l'un des tramways les plus anciens d'Europe encore en service","la Croatie est célèbre pour avoir été le lieu de tournage de plusieurs scènes de la série Game of Thrones","le plus grand festival de musique électronique des Balkans, Ultra Europe, se tient chaque année à Split en Croatie."
